,Licence number,Licence type,Start date,Status,Status date,Trading Status,Licence name,Address,Suburb,Postcode,Latitude,Longitude,LGA,Precinct,Region,Licensee,Licensee Type,Licensee ABN,Licensee ACN,Business type,Authorisation restriction name,Extended trading,Reduced trading,Primary service,Right to keep gaming,Unrestricted,To 12am,To 3am,To 5am,SA2,Band,GMEs,PMPs,Auth limit,Unfulfilled Quota,GMT,EGMs
1062,LIQH440019062,Liquor - hotel licence,2023-05-11 00:00:00,Current,2023-05-11 00:00:00,Trading,Sporting Globe King Street Wharf Pty Ltd,"Ground Floor, Retail Tenancy, King Street Wharf ",SYDNEY,2000,-33.866987,151.201723,Sydney,Sydney CBD Precinct,Metropolitan,SPORTING GLOBE KING STREET WHARF PTY LTD,Organisation,,,Full hotel,"Extended trading authorisation,Minors area authorisation,Reduced trading hours,Right to keep gaming machines",Yes,Yes,No,Yes,No,Yes,Yes,No,Sydney (North) - Millers Point,1.0,0,0,0,0,0,0
3346,LIQH440019029,Liquor - hotel licence,2020-11-24 00:00:00,Current,2020-11-24 00:00:00,Trading,The Porter House Hotel Sydney - MGallery,Corner 116 Bathurst Street & 203 Castlereagh Street,SYDNEY,2000,-33.874303,151.208756,Sydney,Sydney CBD Precinct,Metropolitan,PORTER HOUSE HOTEL MANAGEMENT PTY LTD,Organisation,,670207477.0,Full hotel,"Extended trading authorisation,Minors area authorisation,Right to keep gaming machines",Yes,No,No,Yes,No,Yes,Yes,No,Sydney (North) - Millers Point,1.0,0,0,0,0,0,0
5655,LIQH440018988,Liquor - hotel licence,2017-08-18 00:00:00,Current,2017-08-18 00:00:00,Trading,Sofitel Sydney Darling Harbour,12 Darling Drive ,SYDNEY,2000,-33.872658,151.198625,Sydney,,Metropolitan,Darling Harbour Hotel Pty Ltd,Organisation,,169745251.0,Full hotel,"Extended trading authorisation,Minors area authorisation,Reduced trading hours,Residents bar authorisation,Right to keep gaming machines",Yes,Yes,No,Yes,No,Yes,Yes,No,Sydney (South) - Haymarket,3.0,0,0,0,0,0,0
9965,LIQH440010015,Liquor - hotel licence,2008-12-18 00:00:00,Current,2009-05-11 00:00:00,Trading,Scary Canary,469-475 Kent Street ,SYDNEY,2000,-33.873062,151.20491,Sydney,Sydney CBD Precinct,Metropolitan,Thomas Cooney,PERSON,,,Full hotel,"Extended trading authorisation,Minors area authorisation,Reduced trading hours,Right to keep gaming machines",Yes,Yes,No,Yes,No,Yes,Yes,No,Sydney (North) - Millers Point,1.0,0,0,0,0,0,0
11196,LIQH424012737,Liquor - hotel licence,2004-05-14 00:00:00,Current,2004-05-14 00:00:00,Trading,Sofitel Sydney Wentworth,61-101 Phillip St ,SYDNEY,2000,-33.865373,151.210812,Sydney,Sydney CBD Precinct,Metropolitan,ANANKE HOLDINGS PTY LTD,Organisation,,143992778.0,Full hotel,"Extended trading authorisation,Minors area authorisation,Right to keep gaming machines",Yes,No,No,Yes,No,Yes,Yes,Yes,Sydney (North) - Millers Point,1.0,0,0,0,0,0,0
11812,LIQH424009187,Liquor - hotel licence,2001-08-31 00:00:00,Current,2020-10-21 00:00:00,Trading,Barrio Cellar,Part Basement 53 Martin Pl ,SYDNEY,2000,-33.868008,151.210901,Sydney,Sydney CBD Precinct,Metropolitan,BARRIO CELLAR PTY LTD,Organisation,,604639661.0,Full hotel,"Extended trading authorisation,Right to keep gaming machines",Yes,No,No,Yes,No,Yes,Yes,Yes,Sydney (North) - Millers Point,1.0,0,0,0,0,0,0
12125,LIQH424008188,Liquor - hotel licence,2000-04-13 00:00:00,Current,2000-04-13 00:00:00,Trading,Shelbourne Hotel,200 Sussex Street ,SYDNEY,2000,-33.871237,151.204102,Sydney,Sydney CBD Precinct,Metropolitan,Jason Powell,PERSON,,,Full hotel,"Extended trading authorisation,Minors area authorisation,Right to keep gaming machines",Yes,No,No,Yes,No,Yes,Yes,Yes,Sydney (North) - Millers Point,1.0,15,0,15,0,15,15
12145,LIQH424008103,Liquor - hotel licence,2000-03-07 00:00:00,Current,2000-03-07 00:00:00,Trading,Amora Hotel Jamison Sydney,11-19 Jamison St ,SYDNEY,2000,-33.864558,151.206305,Sydney,Sydney CBD Precinct,Metropolitan,Abhishek Sinha,PERSON,,,Full hotel,"Extended trading authorisation,Minors area authorisation,Minors functions authorisation,Right to keep gaming machines",Yes,No,No,Yes,No,Yes,Yes,Yes,Sydney (North) - Millers Point,1.0,0,0,0,0,0,0
12208,LIQH424007933,Liquor - hotel licence,1999-12-06 00:00:00,Current,1999-12-06 00:00:00,Trading,Swissotel Sydney on Market Street,L 8-25 68 Market St ,SYDNEY,2000,-33.870627,151.207529,Sydney,Sydney CBD Precinct,Metropolitan,Matthew Talbot,PERSON,,,Full hotel,"Extended trading authorisation,Minors functions authorisation,Right to keep gaming machines",Yes,No,No,Yes,No,Yes,Yes,Yes,Sydney (North) - Millers Point,1.0,0,0,0,0,0,0
12277,LIQH424007712,Liquor - hotel licence,1999-09-08 00:00:00,Current,1999-09-08 00:00:00,Trading,GPO Sydney,LG 1 Martin Pl ,SYDNEY,2000,-33.867792,151.207748,Sydney,Sydney CBD Precinct,Metropolitan,MARTIN HERITAGE MANAGEMENT PTY LTD,Organisation,,606912752.0,Full hotel,"Extended trading authorisation,Minors area authorisation,Reduced trading hours,Right to keep gaming machines",Yes,Yes,No,Yes,No,Yes,Yes,Yes,Sydney (North) - Millers Point,1.0,0,0,0,0,0,0
12294,LIQH424007684,Liquor - hotel licence,1999-08-23 00:00:00,Current,1999-08-23 00:00:00,Trading,The Fullerton Hotel Sydney,1 Martin Pl ,SYDNEY,2000,-33.867792,151.207748,Sydney,Sydney CBD Precinct,Metropolitan,Andrew Adams,PERSON,,,Full hotel,"Extended trading authorisation,Minors area authorisation,Right to keep gaming machines",Yes,No,No,Yes,No,Yes,Yes,Yes,Sydney (North) - Millers Point,1.0,0,0,0,0,0,0
12366,LIQH424007367,Liquor - hotel licence,1999-02-22 00:00:00,Current,1999-02-22 00:00:00,Trading,Pullman Quay Grand Sydney Harbour,61-69 Macquarie St ,SYDNEY,2000,-33.860834,151.212908,Sydney,Sydney CBD Precinct,Metropolitan,Zayne Boon,PERSON,,,Full hotel,"Extended trading authorisation,Minors area authorisation,Minors functions authorisation,Right to keep gaming machines",Yes,No,No,Yes,No,Yes,Yes,Yes,Sydney (North) - Millers Point,1.0,0,0,0,0,0,0
12432,LIQH424007134,Liquor - hotel licence,1998-10-29 00:00:00,Current,1998-10-29 00:00:00,Trading,Pontoon Bar,"Cockle Bay Wharf, Darling Park, Tenancy 112 201 Sussex St ",SYDNEY,2000,-33.87119,151.203012,Sydney,Sydney CBD Precinct,Metropolitan,Roberto Chamorro,PERSON,,,Full hotel,"Extended trading authorisation,Minors area authorisation,Right to keep gaming machines",Yes,No,No,Yes,No,Yes,Yes,Yes,Sydney (North) - Millers Point,1.0,15,0,15,0,15,12
15943,LIQH400106424,Liquor - hotel licence,1966-12-12 00:00:00,Current,1966-12-12 00:00:00,Trading,The Flynn,61-101 Phillip St ,SYDNEY,2000,-33.865373,151.210812,Sydney,Sydney CBD Precinct,Metropolitan,WALL STREET BAR PTY LIMITED,Organisation,,149037534.0,Full hotel,"Extended trading authorisation,Minors area authorisation,Reduced trading hours,Right to keep gaming machines",Yes,Yes,No,Yes,No,Yes,Yes,No,Sydney (North) - Millers Point,1.0,15,0,15,0,15,15
16103,LIQH400120923,Liquor - hotel licence,1962-07-18 00:00:00,Current,2022-01-13 00:00:00,Trading,Wahlburgers,East Circular Quay Shops 17 & 18 ,SYDNEY,2000,-33.860361,151.21294,Sydney,Sydney CBD Precinct,Metropolitan,WB OPERATIONS PTY LTD,Organisation,,651330317.0,Full hotel,"Extended trading authorisation,Minors area authorisation,Reduced trading hours,Right to keep gaming machines",Yes,Yes,No,Yes,No,Yes,Yes,No,Sydney (North) - Millers Point,1.0,0,0,0,0,0,0
16370,LIQH400104057,Liquor - hotel licence,1960-08-08 00:00:00,Current,1960-08-08 00:00:00,Trading,Sheraton Grand Sydney Hyde Park,161 Elizabeth St ,SYDNEY,2000,-33.871587,151.209721,Sydney,Sydney CBD Precinct,Metropolitan,Krister Svensson,PERSON,,,Full hotel,"Extended trading authorisation,Minors area authorisation,Right to keep gaming machines",Yes,No,No,Yes,No,Yes,Yes,Yes,Sydney (North) - Millers Point,1.0,0,0,0,0,0,0
16375,LIQH400102038,Liquor - hotel licence,1960-08-03 00:00:00,Current,1960-08-03 00:00:00,Trading,The Arthouse Hotel,275 Pitt St ,SYDNEY,2000,-33.872308,151.207591,Sydney,Sydney CBD Precinct,Metropolitan,Brian Sarkis,PERSON,,,Full hotel,"Extended trading authorisation,Minors area authorisation,Reduced trading hours,Right to keep gaming machines",Yes,Yes,No,Yes,No,Yes,Yes,Yes,Sydney (North) - Millers Point,1.0,21,0,21,0,21,21
16431,LIQH400106408,Liquor - hotel licence,1960-06-20 00:00:00,Current,2021-07-07 00:00:00,Trading,Bristol Arms Retro Tavern,81 Sussex St ,SYDNEY,2000,-33.867807,151.203231,Sydney,Sydney CBD Precinct,Metropolitan,James Setter,PERSON,,,Full hotel,"Extended trading authorisation,Minors area authorisation,Right to keep gaming machines",Yes,No,No,Yes,No,Yes,Yes,Yes,Sydney (North) - Millers Point,1.0,12,4,16,0,16,0
16453,LIQH400110103,Liquor - hotel licence,1960-06-02 00:00:00,Current,1960-06-02 00:00:00,Trading,The Radisson Blu Plaza Hotel Sydney,27 O'Connell St ,SYDNEY,2000,-33.865365,151.208959,Sydney,Sydney CBD Precinct,Metropolitan,Peter Tudehope,PERSON,,,Full hotel,"Extended trading authorisation,Minors area authorisation,Minors functions authorisation,Reduced trading hours,Right to keep gaming machines",Yes,Yes,No,Yes,No,Yes,Yes,Yes,Sydney (North) - Millers Point,1.0,0,0,0,0,0,0
16497,LIQH400101767,Liquor - hotel licence,1960-05-02 00:00:00,Current,1960-05-02 00:00:00,Trading,Sydney Harbour Marriott,30 Pitt St ,SYDNEY,2000,-33.862897,151.209509,Sydney,Sydney CBD Precinct,Metropolitan,Bernhard Langer,PERSON,,,Full hotel,"Extended trading authorisation,Minors area authorisation,Reduced trading hours,Right to keep gaming machines",Yes,Yes,No,Yes,No,Yes,Yes,Yes,Sydney (North) - Millers Point,1.0,0,0,0,0,0,0
16525,LIQH400108818,Liquor - hotel licence,1960-04-11 00:00:00,Current,1960-04-11 00:00:00,Trading,Home Nightclub,"Cockle Bay Wharf, Tenancy 101 1 Wheat Rd ",SYDNEY,2000,-33.869534,151.202069,Sydney,Sydney CBD Precinct,Metropolitan,BIG BEAT (AUSTRALIA) PTY LIMITED,Organisation,,80647150.0,Full hotel,"Extended trading authorisation,Minors area authorisation,Minors functions authorisation,Right to keep gaming machines",Yes,No,No,Yes,No,Yes,Yes,Yes,Sydney (North) - Millers Point,1.0,0,0,0,0,0,0
16528,LIQH400103832,Liquor - hotel licence,1960-04-07 00:00:00,Current,2017-07-07 00:00:00,Trading,Shell House,14 Carrington St ,SYDNEY,2000,-33.865346,151.206679,Sydney,Sydney CBD Precinct,Metropolitan,Francesco Turrini,PERSON,,,Full hotel,"Extended trading authorisation,Minors area authorisation,Minors functions authorisation,Reduced trading hours,Right to keep gaming machines",Yes,Yes,No,Yes,No,Yes,Yes,Yes,Sydney (North) - Millers Point,1.0,0,0,0,0,0,0
16529,LIQH400104049,Liquor - hotel licence,1960-04-07 00:00:00,Current,1960-04-07 00:00:00,Trading,Bar Lucca,52 Phillip St ,SYDNEY,2000,-33.864093,151.21204,Sydney,Sydney CBD Precinct,Metropolitan,Andrew Martin,PERSON,,,Full hotel,"Extended trading authorisation,Reduced trading hours,Right to keep gaming machines",Yes,Yes,No,Yes,No,Yes,Yes,Yes,Sydney (North) - Millers Point,1.0,1,0,1,0,1,0
16536,LIQH400110480,Liquor - hotel licence,1960-04-01 00:00:00,Current,1960-04-01 00:00:00,Trading,Sanctuary Hotel,545-553 Kent St ,SYDNEY,2000,-33.875991,151.205242,Sydney,Sydney CBD Precinct,Metropolitan,Jason Dumbrell,PERSON,,,Full hotel,"Extended trading authorisation,Minors area authorisation,Reduced trading hours,Right to keep gaming machines",Yes,Yes,No,Yes,No,Yes,Yes,No,Sydney (South) - Haymarket,3.0,15,15,30,0,30,30
16563,LIQH400101252,Liquor - hotel licence,1960-03-14 00:00:00,Current,2023-07-03 00:00:00,Trading,Kent St. Hotel,347 Kent St ,SYDNEY,2000,-33.868497,151.204148,Sydney,Sydney CBD Precinct,Metropolitan,NETTLEWOOD MANAGEMENT PTY LTD,Organisation,,638101890.0,Full hotel,"Extended trading authorisation,Minors area authorisation,Minors functions authorisation,Reduced trading hours,Right to keep gaming machines",Yes,Yes,No,Yes,No,Yes,Yes,Yes,Sydney (North) - Millers Point,1.0,18,0,18,0,18,18
16620,LIQH400101864,Liquor - hotel licence,1960-01-20 00:00:00,Current,1960-01-20 00:00:00,Trading,Mr B's Hotel,396 Pitt St ,SYDNEY,2000,-33.878336,151.207676,Sydney,Sydney CBD Precinct,Metropolitan,Thapanon Wachiranon,PERSON,,,Full hotel,"Extended trading authorisation,Minors area authorisation,Right to keep gaming machines",Yes,No,No,Yes,No,Yes,Yes,No,Sydney (South) - Haymarket,3.0,30,0,30,0,30,30
16673,LIQH400101686,Liquor - hotel licence,1959-11-27 00:00:00,Current,1959-11-27 00:00:00,Trading,Crown Hotel,160 Elizabeth St ,SYDNEY,2000,-33.878226,151.209521,Sydney,Sydney CBD Precinct,Metropolitan,CHEVAL PROPERTIES PTY. LIMITED,Organisation,,3493301.0,Full hotel,"Extended trading authorisation,Minors area authorisation,Reduced trading hours,Right to keep gaming machines",Yes,Yes,No,Yes,No,Yes,Yes,Yes,Sydney (South) - Haymarket,3.0,15,0,15,0,15,15
16680,LIQH400104359,Liquor - hotel licence,1959-11-23 00:00:00,Current,1959-11-23 00:00:00,Trading,Occidental Hotel,43 York St ,SYDNEY,2000,-33.866801,151.205573,Sydney,Sydney CBD Precinct,Metropolitan,Delfina Moscoso,PERSON,,,Full hotel,"Extended trading authorisation,Reduced trading hours,Right to keep gaming machines",Yes,Yes,No,Yes,No,Yes,Yes,Yes,Sydney (North) - Millers Point,1.0,10,0,10,0,10,10
16725,LIQH400105746,Liquor - hotel licence,1959-10-26 00:00:00,Current,1959-10-26 00:00:00,Trading,Star Hotel,Cnr Sussex & Goulburn Sts ,SYDNEY,2000,-33.877737,151.204493,Sydney,Sydney CBD Precinct,Metropolitan,Yunke Bai,PERSON,,,Full hotel,"Extended trading authorisation,Reduced trading hours,Right to keep gaming machines",Yes,Yes,No,Yes,No,Yes,Yes,Yes,Sydney (South) - Haymarket,3.0,18,12,30,0,30,30
16730,LIQH400103093,Liquor - hotel licence,1959-10-21 00:00:00,Current,1959-10-21 00:00:00,Trading,Cheers Bar and Grill,561 George St ,SYDNEY,2000,-33.87662,151.205793,Sydney,Sydney CBD Precinct,Metropolitan,Ji Hey Son,PERSON,,,Full hotel,"Extended trading authorisation,Minors area authorisation,Right to keep gaming machines",Yes,No,No,Yes,No,Yes,Yes,Yes,Sydney (South) - Haymarket,3.0,24,6,30,0,30,32
16738,LIQH400102631,Liquor - hotel licence,1959-10-14 00:00:00,Current,1959-10-14 00:00:00,Trading,"Park Royal Darling Harbour, Sydney",150 Day St ,SYDNEY,2000,-33.873632,151.203596,Sydney,Sydney CBD Precinct,Metropolitan,Vasilikie Stasous,PERSON,,,Full hotel,"Extended trading authorisation,Minors area authorisation,Reduced trading hours,Right to keep gaming machines",Yes,Yes,No,Yes,No,Yes,Yes,Yes,Sydney (North) - Millers Point,1.0,0,0,0,0,0,0
16744,LIQH400103441,Liquor - hotel licence,1959-10-12 00:00:00,Current,1959-10-12 00:00:00,Trading,Plaza Hotel Sydney,600 George St ,SYDNEY,2000,-33.875422,151.206967,Sydney,Sydney CBD Precinct,Metropolitan,Venessa Gale,PERSON,,,Full hotel,"Extended trading authorisation,Minors area authorisation,Reduced trading hours,Right to keep gaming machines",Yes,Yes,No,Yes,No,Yes,Yes,Yes,Sydney (South) - Haymarket,3.0,16,10,26,0,26,22
16765,LIQH400103654,Liquor - hotel licence,1959-09-28 00:00:00,Current,1959-09-28 00:00:00,Trading,Hotel Harry,Wentworth Ave & Goulburn St ,SYDNEY,2000,-33.878509,151.211203,Sydney,Sydney CBD Precinct,Metropolitan,Brody Leeson,PERSON,,,Full hotel,"Extended trading authorisation,Reduced trading hours,Right to keep gaming machines",Yes,Yes,No,Yes,No,Yes,Yes,Yes,Surry Hills,2.0,25,0,25,0,25,25
16795,LIQH400102674,Liquor - hotel licence,1959-08-27 00:00:00,Current,1959-08-27 00:00:00,Trading,Sir Stamford at Circular Quay,93-97 Macquarie St ,SYDNEY,2000,-33.862228,151.212677,Sydney,Sydney CBD Precinct,Metropolitan,Stamford Hotels and Resorts Pty Ltd,Organisation,,67139208.0,Full hotel,"Extended trading authorisation,Minors area authorisation,Reduced trading hours,Right to keep gaming machines",Yes,Yes,No,Yes,No,Yes,Yes,Yes,Sydney (North) - Millers Point,1.0,0,0,0,0,0,0
16833,LIQH400118074,Liquor - hotel licence,1959-07-28 00:00:00,Current,1959-07-28 00:00:00,Trading,The Grace Hotel,77 York St ,SYDNEY,2000,-33.868999,151.205681,Sydney,Sydney CBD Precinct,Metropolitan,Andrew Allen,PERSON,,,Full hotel,"Extended trading authorisation,Minors area authorisation,Right to keep gaming machines",Yes,No,No,Yes,No,Yes,Yes,Yes,Sydney (North) - Millers Point,1.0,0,0,0,0,0,0
16884,LIQH400115733,Liquor - hotel licence,1959-06-18 00:00:00,Current,2019-06-27 00:00:00,Trading,Cargo Bar,King St Wharf 52-60 The Promenade ,SYDNEY,2000,-33.868625,151.201644,Sydney,Sydney CBD Precinct,Metropolitan,Pierce Sapsford,PERSON,,,Full hotel,"Extended trading authorisation,Minors area authorisation,Right to keep gaming machines",Yes,No,No,Yes,No,Yes,Yes,Yes,Sydney (North) - Millers Point,1.0,0,0,0,0,0,0
16903,LIQH400100604,Liquor - hotel licence,1959-06-08 00:00:00,Current,1959-06-08 00:00:00,Trading,Hotel Downing,249-255 Castlereagh Street ,SYDNEY,2000,-33.876438,151.208623,Sydney,Sydney CBD Precinct,Metropolitan,Pornpot Jungsuwattananon,PERSON,,,Full hotel,"Extended trading authorisation,Minors area authorisation,Reduced trading hours,Right to keep gaming machines",Yes,Yes,No,Yes,No,Yes,Yes,No,Sydney (South) - Haymarket,3.0,22,0,22,0,22,22
16956,LIQH400104855,Liquor - hotel licence,1959-04-20 00:00:00,Current,1959-04-20 00:00:00,Trading,The Office Hotel,Cnr Kent & Erskine St ,SYDNEY,2000,-33.866626,151.204494,Sydney,Sydney CBD Precinct,Metropolitan,Bianca Kur,PERSON,,,Full hotel,"Extended trading authorisation,Minors area authorisation,Reduced trading hours,Right to keep gaming machines",Yes,Yes,No,Yes,No,Yes,Yes,Yes,Sydney (North) - Millers Point,1.0,20,0,20,0,20,20
16961,LIQH400106246,Liquor - hotel licence,1959-04-13 00:00:00,Current,1959-04-13 00:00:00,Trading,The Verandah Bar & Bistro,60 Castlereagh St ,SYDNEY,2000,-33.868474,151.210095,Sydney,Sydney CBD Precinct,Metropolitan,The New Windsor Hotel Pty Limited,Organisation,,72181250.0,Full hotel,"Extended trading authorisation,Minors area authorisation,Right to keep gaming machines",Yes,No,No,Yes,No,Yes,Yes,Yes,Sydney (North) - Millers Point,1.0,20,4,24,0,24,24
16967,LIQH400101562,Liquor - hotel licence,1959-04-06 00:00:00,Current,1959-04-06 00:00:00,Trading,Slip Inn,107-117 Sussex St ,SYDNEY,2000,-33.868199,151.203322,Sydney,Sydney CBD Precinct,Metropolitan,Christopher Dempsey,PERSON,,,Full hotel,"Extended trading authorisation,Minors area authorisation,Reduced trading hours,Right to keep gaming machines",Yes,Yes,No,Yes,No,Yes,Yes,Yes,Sydney (North) - Millers Point,1.0,12,0,12,0,12,12
16985,LIQH400113595,Liquor - hotel licence,1959-03-10 00:00:00,Current,1959-03-10 00:00:00,Trading,Ship Inn,Pitt & Alfred Sts ,SYDNEY,2000,-33.861778,151.20943,Sydney,Sydney CBD Precinct,Metropolitan,Julia Kearns,PERSON,,,Full hotel,"Extended trading authorisation,Minors area authorisation,Right to keep gaming machines",Yes,No,No,Yes,No,Yes,Yes,Yes,Sydney (North) - Millers Point,1.0,15,5,20,0,20,20
17037,LIQH400101112,Liquor - hotel licence,1959-01-05 00:00:00,Current,1959-01-05 00:00:00,Trading,Helm Bar,"Aquarium Wharf, Pier 26 Wheat Rd ",SYDNEY,2000,-33.87057,151.202637,Sydney,Sydney CBD Precinct,Metropolitan,Daniel Altshuler,PERSON,,,Full hotel,"Extended trading authorisation,Minors area authorisation,Reduced trading hours,Right to keep gaming machines",Yes,Yes,No,Yes,No,Yes,Yes,No,Sydney (North) - Millers Point,1.0,0,0,0,0,0,0
17124,LIQH400103859,Liquor - hotel licence,1958-10-15 00:00:00,Current,2018-12-07 00:00:00,Trading,Bungalow 8 Hotel,King Street Wharf 3 Lime St ,SYDNEY,2000,-33.866401,151.201545,Sydney,Sydney CBD Precinct,Metropolitan,Edward Hepworth,PERSON,,,Full hotel,"Extended trading authorisation,Minors area authorisation,Reduced trading hours,Right to keep gaming machines",Yes,Yes,No,Yes,No,Yes,Yes,No,Sydney (North) - Millers Point,1.0,0,0,0,0,0,0
17143,LIQH400116152,Liquor - hotel licence,1958-09-18 00:00:00,Current,1958-09-18 00:00:00,Trading,Intercontinental Sydney,117 Macquarie St ,SYDNEY,2000,-33.862953,151.2124,Sydney,Sydney CBD Precinct,Metropolitan,Jennifer Brown,PERSON,,,Full hotel,"Extended trading authorisation,Minors area authorisation,Reduced trading hours,Right to keep gaming machines",Yes,Yes,No,Yes,No,Yes,Yes,No,Sydney (North) - Millers Point,1.0,0,0,0,0,0,0
17146,LIQH400104766,Liquor - hotel licence,1958-09-15 00:00:00,Current,1958-09-15 00:00:00,Trading,Jacksons on George,176 George St ,SYDNEY,2000,-33.861936,151.208318,Sydney,Sydney CBD Precinct,Metropolitan,DTL ENTERTAINMENT GROUP PTY LTD,Organisation,,647361180.0,Full hotel,"Extended trading authorisation,Minors area authorisation,Right to keep gaming machines",Yes,No,No,Yes,No,Yes,Yes,Yes,Sydney (North) - Millers Point,1.0,15,15,30,0,30,25
17166,LIQH400105614,Liquor - hotel licence,1958-08-18 00:00:00,Current,1958-08-18 00:00:00,Trading,The Resch House,557 George St ,SYDNEY,2000,-33.876483,151.205867,Sydney,Sydney CBD Precinct,Metropolitan,Frederic Lindop,PERSON,,,Full hotel,"Extended trading authorisation,Reduced trading hours,Right to keep gaming machines",Yes,Yes,No,Yes,No,Yes,Yes,Yes,Sydney (South) - Haymarket,3.0,8,0,8,0,8,8
17196,LIQH400103271,Liquor - hotel licence,1958-07-14 00:00:00,Current,2022-11-04 00:00:00,Trading,Concourse Bar,Concourse Level Wynyard 33-35A Carrington St ,SYDNEY,2000,-33.86614,151.205582,Sydney,Sydney CBD Precinct,Metropolitan,CONCOURSE HOTEL PTY LTD,Organisation,,649791711.0,Full hotel,"Extended trading authorisation,Right to keep gaming machines",Yes,No,No,Yes,No,Yes,Yes,Yes,Sydney (North) - Millers Point,1.0,29,0,29,0,29,29
17206,LIQH400106653,Liquor - hotel licence,1958-06-23 00:00:00,Current,1958-06-23 00:00:00,Trading,Wynyard Hotel,107-109 Clarence St ,SYDNEY,2000,-33.866858,151.204866,Sydney,Sydney CBD Precinct,Metropolitan,Mia Natasha Pantasoulas,PERSON,,,Full hotel,"Extended trading authorisation,Minors area authorisation,Right to keep gaming machines",Yes,No,No,Yes,No,Yes,Yes,Yes,Sydney (North) - Millers Point,1.0,19,0,19,0,19,19
17305,LIQH400100035,Liquor - hotel licence,1958-02-24 00:00:00,Current,1958-02-24 00:00:00,Trading,Sydney Hilton Hotel,488 George St ,SYDNEY,2000,-33.871914,151.207469,Sydney,Sydney CBD Precinct,Metropolitan,MARBLE OPERATIONS PTY LTD,Organisation,,657841926.0,Full hotel,"Extended trading authorisation,Minors area authorisation,Minors functions authorisation,Right to keep gaming machines",Yes,No,No,Yes,No,Yes,Yes,Yes,Sydney (North) - Millers Point,1.0,0,0,0,0,0,0
17335,LIQH400102399,Liquor - hotel licence,1957-12-23 00:00:00,Current,1957-12-23 00:00:00,Trading,Hotel Sweeney's,Druitt & Clarence Sts ,SYDNEY,2000,-33.872602,151.205852,Sydney,Sydney CBD Precinct,Metropolitan,Peter Anstey,PERSON,,,Full hotel,"Extended trading authorisation,Minors area authorisation,Reduced trading hours,Right to keep gaming machines",Yes,Yes,No,Yes,No,Yes,Yes,Yes,Sydney (North) - Millers Point,1.0,16,0,16,0,16,15
17469,LIQH400104812,Liquor - hotel licence,1957-07-01 00:00:00,Current,1957-07-01 00:00:00,Trading,Novotel Sydney on Darling Harbour,100 Murray St ,SYDNEY,2000,-33.872242,151.197861,Sydney,,Metropolitan,PEARL HOTELS D 1993 PTY LIMITED,Organisation,,60896568.0,Full hotel,"Extended trading authorisation,Minors area authorisation,Minors functions authorisation,Reduced trading hours,Right to keep gaming machines",Yes,Yes,No,Yes,No,Yes,Yes,Yes,Sydney (South) - Haymarket,3.0,0,0,0,0,0,0
17516,LIQH400106688,Liquor - hotel licence,1957-05-06 00:00:00,Current,1957-05-06 00:00:00,Trading,Artwork in Progress,46-52 King St ,SYDNEY,2000,-33.868557,151.205644,Sydney,Sydney CBD Precinct,Metropolitan,Ryan Singer,PERSON,,,Full hotel,"Extended trading authorisation,Minors area authorisation,Right to keep gaming machines",Yes,No,No,Yes,No,Yes,Yes,Yes,Sydney (North) - Millers Point,1.0,24,6,30,0,30,30
17531,LIQH400101619,Liquor - hotel licence,1957-04-08 00:00:00,Current,1957-04-08 00:00:00,Trading,Criterion Hotel,260 Pitt St ,SYDNEY,2000,-33.873336,151.208368,Sydney,Sydney CBD Precinct,Metropolitan,John McGurk,PERSON,,,Full hotel,"Extended trading authorisation,Reduced trading hours,Right to keep gaming machines",Yes,Yes,No,Yes,No,Yes,Yes,Yes,Sydney (North) - Millers Point,1.0,29,1,30,0,30,30
17560,LIQH400102011,Liquor - hotel licence,1957-03-04 00:00:00,Current,1957-03-04 00:00:00,Trading,Edinburgh Castle Hotel,294 Pitt St ,SYDNEY,2000,-33.874694,151.208174,Sydney,Sydney CBD Precinct,Metropolitan,Luke Daniel Rule,PERSON,,,Full hotel,"Extended trading authorisation,Minors area authorisation,Right to keep gaming machines",Yes,No,No,Yes,No,Yes,Yes,Yes,Sydney (South) - Haymarket,3.0,15,5,20,0,20,20
17619,LIQH400101406,Liquor - hotel licence,1956-11-19 00:00:00,Current,1956-11-19 00:00:00,Trading,Four Seasons Hotel,199 George St ,SYDNEY,2000,-33.861691,151.207678,Sydney,Sydney CBD Precinct,Metropolitan,MAPS HOTELS AND RESORTS SYDNEY 1 PTY. LTD.,Organisation,,165087767.0,Full hotel,"Extended trading authorisation,Minors area authorisation,Reduced trading hours,Right to keep gaming machines",Yes,Yes,No,Yes,No,Yes,Yes,Yes,Sydney (North) - Millers Point,1.0,0,0,0,0,0,0
17854,LIQH400104138,Liquor - hotel licence,1955-11-26 00:00:00,Current,1955-11-26 00:00:00,Trading,The Sussex Hotel,20 Sussex St ,SYDNEY,2000,-33.865155,151.203426,Sydney,Sydney CBD Precinct,Metropolitan,Nicholas Porter,PERSON,,,Full hotel,"Extended trading authorisation,Minors area authorisation,Right to keep gaming machines",Yes,No,No,Yes,No,Yes,Yes,Yes,Sydney (North) - Millers Point,1.0,15,0,15,0,15,15
18170,LIQH400100868,Liquor - hotel licence,1955-03-28 00:00:00,Current,1955-03-28 00:00:00,Trading,The Albion Place Hotel,531 George St ,SYDNEY,2000,-33.875681,151.206154,Sydney,Sydney CBD Precinct,Metropolitan,RESERVE HOTELS PTY LIMITED,Organisation,,77623271.0,Full hotel,"Extended trading authorisation,Minors area authorisation,Right to keep gaming machines",Yes,No,No,Yes,No,Yes,Yes,No,Sydney (South) - Haymarket,3.0,24,0,24,0,24,24
18182,LIQH400108613,Liquor - hotel licence,1955-02-25 00:00:00,Current,1955-02-25 00:00:00,Trading,World Square Bar,"World Square Shopping Centre, L 8 & 9, 644 George St ",SYDNEY,2000,-33.877769,151.206284,Sydney,Sydney CBD Precinct,Metropolitan,SONGSONG PTY LIMITED,Organisation,,85255590.0,Full hotel,"Extended trading authorisation,Right to keep gaming machines",Yes,No,No,Yes,No,Yes,Yes,No,Sydney (South) - Haymarket,3.0,22,8,30,0,30,23
18204,LIQH400101279,Liquor - hotel licence,1954-11-23 00:00:00,Current,1954-11-23 00:00:00,Trading,Civic Hotel,388 Pitt St ,SYDNEY,2000,-33.877943,151.207736,Sydney,Sydney CBD Precinct,Metropolitan,Sabine Knauer,PERSON,,,Full hotel,"Extended trading authorisation,Minors area authorisation,Right to keep gaming machines",Yes,No,No,Yes,No,Yes,Yes,Yes,Sydney (South) - Haymarket,3.0,30,0,30,0,30,31
18247,LIQH400102534,Liquor - hotel licence,1954-08-09 00:00:00,Current,1954-08-09 00:00:00,Trading,The 3 Wise Monkeys Pub,553-555 George St ,SYDNEY,2000,-33.876204,151.205993,Sydney,Sydney CBD Precinct,Metropolitan,DOGROW PTY. LIMITED,Organisation,,82886968.0,Full hotel,"Extended trading authorisation,Minors area authorisation,Right to keep gaming machines",Yes,No,No,Yes,No,Yes,Yes,Yes,Sydney (South) - Haymarket,3.0,19,0,19,0,19,18
18255,LIQH400104243,Liquor - hotel licence,1954-07-12 00:00:00,Current,1954-07-12 00:00:00,Trading,Babylon Restaurant and Garden Bar,L 7 188 Pitt St ,SYDNEY,2000,-33.870124,151.208902,Sydney,Sydney CBD Precinct,Metropolitan,JIMMY'S ON THE MALL PTY LIMITED,Organisation,,,Full hotel,"Extended trading authorisation,Minors area authorisation,Right to keep gaming machines",Yes,No,No,Yes,No,Yes,Yes,No,Sydney (North) - Millers Point,1.0,0,0,0,0,0,0
18294,LIQH400101163,Liquor - hotel licence,1954-03-22 00:00:00,Current,1954-03-22 00:00:00,Trading,The Century Bar,"L 4, 640 George St ",SYDNEY,2000,-33.876307,151.206468,Sydney,Sydney CBD Precinct,Metropolitan,Chih-chien Shih,PERSON,,,Full hotel,"Extended trading authorisation,Right to keep gaming machines",Yes,No,No,Yes,No,Yes,Yes,Yes,Sydney (South) - Haymarket,3.0,15,0,15,0,15,15
18399,LIQH400105533,Liquor - hotel licence,1952-11-17 00:00:00,Current,1952-11-17 00:00:00,Trading,V Bar Sydney,109-111 Liverpool St ,SYDNEY,2000,-33.876811,151.207169,Sydney,Sydney CBD Precinct,Metropolitan,Thaniya Jantarasakhar,PERSON,,,Full hotel,"Extended trading authorisation,Minors area authorisation,Reduced trading hours,Right to keep gaming machines",Yes,Yes,No,Yes,No,Yes,Yes,Yes,Sydney (South) - Haymarket,3.0,23,6,29,0,29,29
18434,LIQH400111592,Liquor - hotel licence,1952-05-01 00:00:00,Current,1952-05-01 00:00:00,Trading,Establishment Hotel,248-252 George St ,SYDNEY,2000,-33.864137,151.208061,Sydney,Sydney CBD Precinct,Metropolitan,Thomas Ellison,PERSON,,,Full hotel,"Extended trading authorisation,Minors area authorisation,Reduced trading hours,Right to keep gaming machines",Yes,Yes,No,Yes,No,Yes,Yes,Yes,Sydney (North) - Millers Point,1.0,29,0,29,0,29,29
18436,LIQH400105355,Liquor - hotel licence,1952-04-28 00:00:00,Current,1952-04-28 00:00:00,Trading,Hotel CBD,52 King St ,SYDNEY,2000,-33.868557,151.205644,Sydney,Sydney CBD Precinct,Metropolitan,Matthew Scott,PERSON,,,Full hotel,"Extended trading authorisation,Minors area authorisation,Right to keep gaming machines",Yes,No,No,Yes,No,Yes,Yes,Yes,Sydney (North) - Millers Point,1.0,15,0,15,0,15,15
18440,LIQH400100418,Liquor - hotel licence,1952-03-24 00:00:00,Current,1952-03-24 00:00:00,Trading,Mary's Underground,29 Reiby Pl ,SYDNEY,2000,-33.862663,151.209888,Sydney,Sydney CBD Precinct,Metropolitan,MARY'S UNDERGROUND PTY LTD,Organisation,,629070855.0,Full hotel,"Extended trading authorisation,Minors area authorisation,Right to keep gaming machines",Yes,No,No,Yes,No,Yes,Yes,Yes,Sydney (North) - Millers Point,1.0,0,0,0,0,0,0
18459,LIQH400106203,Liquor - hotel licence,1951-10-22 00:00:00,Current,1951-10-22 00:00:00,Trading,The Republic Hotel,69-73 Pitt St ,SYDNEY,2000,-33.863857,151.208758,Sydney,Sydney CBD Precinct,Metropolitan,REPUBLIC HOTEL SYDNEY PTY LTD,Organisation,,668487045.0,Full hotel,"Extended trading authorisation,Right to keep gaming machines",Yes,No,No,Yes,No,Yes,Yes,Yes,Sydney (North) - Millers Point,1.0,28,0,28,0,28,26
18479,LIQH400101465,Liquor - hotel licence,1951-06-26 00:00:00,Current,1951-06-26 00:00:00,Trading,Coronation Hotel,7 Park St ,SYDNEY,2000,-33.873283,151.207699,Sydney,Sydney CBD Precinct,Metropolitan,Glenn Pengilley,PERSON,,,Full hotel,"Extended trading authorisation,Minors area authorisation,Right to keep gaming machines",Yes,No,No,Yes,No,Yes,Yes,Yes,Sydney (North) - Millers Point,1.0,24,5,29,0,29,29
18534,LIQH400105940,Liquor - hotel licence,1950-06-26 00:00:00,Current,1950-06-26 00:00:00,Trading,Tiva Lounge,B 66 King St ,SYDNEY,2000,-33.868517,151.206303,Sydney,Sydney CBD Precinct,Metropolitan,ETYMON 66 KING PTY LTD,Organisation,,634414494.0,Full hotel,"Extended trading authorisation,Minors area authorisation,Right to keep gaming machines",Yes,No,No,Yes,No,Yes,Yes,Yes,Sydney (North) - Millers Point,1.0,0,0,0,0,0,0
18601,LIQH400103476,Liquor - hotel licence,1949-04-20 00:00:00,Current,1949-04-20 00:00:00,Trading,Hyatt Regency Sydney,161 Sussex St ,SYDNEY,2000,-33.870027,151.203257,Sydney,Sydney CBD Precinct,Metropolitan,Jane Lyons,PERSON,,,Full hotel,"Extended trading authorisation,Minors area authorisation,Reduced trading hours,Right to keep gaming machines",Yes,Yes,No,Yes,No,Yes,Yes,Yes,Sydney (North) - Millers Point,1.0,0,0,0,0,0,0
18641,LIQH400102682,Liquor - hotel licence,1948-09-27 00:00:00,Current,1948-09-27 00:00:00,Trading,Grand Hotel,30 Hunter St ,SYDNEY,2000,-33.865457,151.208288,Sydney,Sydney CBD Precinct,Metropolitan,James Caldwell,PERSON,,,Full hotel,"Extended trading authorisation,Minors area authorisation,Reduced trading hours,Right to keep gaming machines",Yes,Yes,No,Yes,No,Yes,Yes,No,Sydney (North) - Millers Point,1.0,29,0,29,0,29,29
18694,LIQH400103697,Liquor - hotel licence,1948-04-23 00:00:00,Current,1948-04-23 00:00:00,Trading,Ibis Sydney Darling Harbour,70 Murray St ,SYDNEY,2000,-33.871015,151.19788,Sydney,,Metropolitan,PEARL HOTELS D 1993 PTY LIMITED,Organisation,,60896568.0,Full hotel,"Extended trading authorisation,Minors area authorisation,Reduced trading hours,Right to keep gaming machines",Yes,Yes,No,Yes,No,Yes,Yes,Yes,Sydney (South) - Haymarket,3.0,0,0,0,0,0,0
19019,LIQH400102283,Liquor - hotel licence,1941-11-03 00:00:00,Current,2020-10-21 00:00:00,Trading,Ivy,320-346 George St ,SYDNEY,2000,-33.866318,151.207657,Sydney,Sydney CBD Precinct,Metropolitan,Iain Taylor,PERSON,,,Full hotel,"Extended trading authorisation,Minors area authorisation,Reduced trading hours,Right to keep gaming machines",Yes,Yes,No,Yes,No,Yes,Yes,Yes,Sydney (North) - Millers Point,1.0,29,1,30,0,30,30
19038,LIQH400104596,Liquor - hotel licence,1939-12-13 00:00:00,Current,1939-12-13 00:00:00,Trading,Paragon Hotel,L 7 1 Macquarie Pl ,SYDNEY,2000,-33.862027,151.209875,Sydney,Sydney CBD Precinct,Metropolitan,Peter Ryan,PERSON,,,Full hotel,"Extended trading authorisation,Minors area authorisation,Right to keep gaming machines",Yes,No,No,Yes,No,Yes,Yes,Yes,Sydney (North) - Millers Point,1.0,17,0,17,0,17,17
19049,LIQH400105495,Liquor - hotel licence,1938-12-19 00:00:00,Current,1938-12-19 00:00:00,Trading,Shark Hotel,127 Liverpool St ,SYDNEY,2000,-33.876919,151.208052,Sydney,Sydney CBD Precinct,Metropolitan,Dean Jones,PERSON,,,Full hotel,"Extended trading authorisation,Minors area authorisation,Right to keep gaming machines",Yes,No,No,Yes,No,Yes,Yes,Yes,Sydney (South) - Haymarket,3.0,15,14,29,0,29,29
19090,LIQH400104154,Liquor - hotel licence,1932-03-30 00:00:00,Current,1932-03-30 00:00:00,Trading,Surry Hills Hotel,Elizabeth & Campbell Sts ,SYDNEY,2000,-33.880008,151.209235,Sydney,Sydney CBD Precinct,Metropolitan,Jack West,PERSON,,,Full hotel,"Extended trading authorisation,Minors area authorisation,Reduced trading hours,Right to keep gaming machines",Yes,Yes,No,Yes,No,Yes,Yes,Yes,Surry Hills,2.0,22,8,30,0,30,30
19113,LIQH400105606,Liquor - hotel licence,1927-07-25 00:00:00,Current,1927-07-25 00:00:00,Trading,Ryan's Bar,Australia Square G Pitt St ,SYDNEY,2000,-33.864949,151.207955,Sydney,Sydney CBD Precinct,Metropolitan,Oliver Hill,PERSON,,,Full hotel,"Extended trading authorisation,Reduced trading hours,Right to keep gaming machines",Yes,Yes,No,Yes,No,Yes,Yes,Yes,Sydney (North) - Millers Point,1.0,20,0,20,0,20,20
